<?xml version="1.0" encoding="UTF-8" standalone="no"?><RootElement><username>test username</username><images><image hash="8pDfmwvcDwRDBOuBifDaQTiBLLKhJ+RA7HioRj87BMA=" name="taksi.png" size="30731"/></images><date>2019-05-23 19:21:59</date><ds:Signature xmlns:ds="http://www.w3.org/2000/09/xmldsig#">
<ds:SignedInfo>
<ds:CanonicalizationMethod Algorithm="http://www.w3.org/TR/2001/REC-xml-c14n-20010315"/>
<ds:SignatureMethod Algorithm="http://www.w3.org/2000/09/xmldsig#rsa-sha1"/>
<ds:Reference URI="">
<ds:Transforms>
<ds:Transform Algorithm="http://www.w3.org/2000/09/xmldsig#enveloped-signature"/>
<ds:Transform Algorithm="http://www.w3.org/TR/2001/REC-xml-c14n-20010315#WithComments"/>
</ds:Transforms>
<ds:DigestMethod Algorithm="http://www.w3.org/2000/09/xmldsig#sha1"/>
<ds:DigestValue>hvIXfGD6SXibXZlDdIEdZWPX72s=</ds:DigestValue>
</ds:Reference>
</ds:SignedInfo>
<ds:SignatureValue>
I9NefAbrQTBJtdl3a4jh/sWLtDc8kBhsos6q8pPjhhv8v4/J4gbB5SqUWJZo9DQ4jZMM7RZwT5t6&#13;
q+8skkQ235mWdLNVmfxE87SIWz8TTSBXSNYT7DGSrpIyh65X/o0hy1jqQo9k+09f4wAWLQNdgTcH&#13;
XtNw7UqzLyVZ/MS2c0c=
</ds:SignatureValue>
<ds:KeyInfo>
<ds:KeyValue>
<ds:RSAKeyValue>
<ds:Modulus>jUsMC+ZzTkw3lQJmgMDfpsfkHGY2GRNZrt48u9hOYmS2BtEVU1ir3efuGi5Q4QfsHvn1YjO/NtAF&#13;
Jy49mCgxLgZyBRh6sMRds9cg5NdTcnwjKJepoCU/b2TiAJjcZewS5fGS30DN/8kY3MOKg6+4o+Rl&#13;
jCWYeH3EnH3ftS1z5FU=</ds:Modulus>
<ds:Exponent>AQAB</ds:Exponent>
</ds:RSAKeyValue>
</ds:KeyValue>
<ds:X509Data>
<ds:X509Certificate>
MIICojCCAYqgAwIBAgIBAjANBgkqhkiG9w0BAQsFADB+MR4wHAYJKoZIhvcNAQkBFg9nbGF2bmlA&#13;
bWFpbC5jb20xCzAJBgNVBAYTAlVTMSAwHgYDVQQKDBdJbmZvcm1hY2lvbmEgQmV6YmVkbm9zdDER&#13;
MA8GA1UECwwIUHJvamVrYXQxGjAYBgNVBAMMEUdsYXZuaSBTZXJ0aWZpa2F0MB4XDTE5MDUyMjE2&#13;
MDAzMFoXDTIwMDUyMjE2MDAzMFowLzEaMBgGCSqGSIb3DQEJARYLdXNlcjFAZy5jb20xETAPBgoJ&#13;
kiaJk/IsZAEBDAEyMIGfMA0GCSqGSIb3DQEBAQUAA4GNADCBiQKBgQCNSwwL5nNOTDeVAmaAwN+m&#13;
x+QcZjYZE1mu3jy72E5iZLYG0RVTWKvd5+4aLlDhB+we+fViM7820AUnLj2YKDEuBnIFGHqwxF2z&#13;
1yDk11NyfCMol6mgJT9vZOIAmNxl7BLl8ZLfQM3/yRjcw4qDr7ij5GWMJZh4fcScfd+1LXPkVQID&#13;
AQABMA0GCSqGSIb3DQEBCwUAA4IBAQAuwYshJIhSyYzcHvozuBCCjsvnlDigbd3f0Jz/ZA5Xv3tI&#13;
Cw6VUVdq//IKwrW8Ep6TimTDG/ehWQSgU0rTybs3+SRK0adxPlQHQwgAVXjZewdBSyv4UDFYgU7h&#13;
KZcA1uz6LdaisYZD8nbJUqgW1pWwdWZMEL5VNEmEWtMESWfOfJCMqJ6xpQ7VbtEsS+M9vsfCTMr1&#13;
iCPOc7AUBI81c6lgpZyBc7WkfdNzHvylqXFIfK/49V4+J93D10b3R+imyb7YUiS6Ddnfy1BNUrfp&#13;
y6wR9SQ2nHWciSjDTJ+jQRwZ37zj8q42ewd6mR17O5Po6/f+KkLiS3pyxUGXwgZo5RMq
</ds:X509Certificate>
</ds:X509Data>
</ds:KeyInfo>
</ds:Signature></RootElement>